"time","tweet","time2","tweet2","class","cosine","dice","jaccard","manhattan","overlap","cosine_tfidf","dice_tfidf","manhattan_tfidf","lcs"
"2016-07-06 10:54:14","10.54: RT @fauzan_ramon89: Jl KHA Dahlan, Jogja lalin lancar. #IdulFitri https://t.co/cWwVsks32w","2016-07-06 10:40:51","Jl KHA Dahlan Lalin Lancar @peta_mudik @RadioElshinta @SindotrijayaFM @SCTV_ @mudikkompas @MudikTvone @ATCS_DIY https://t.co/ld3CBK2TqQ","similar",0.790569415042095,0.769230769230769,0.625,0.926829268292683,1,0.798266641597975,0.778424258867834,0.963368869444543,0.828571428571429
"2016-07-06 10:57:18","RT @RadioElshinta: 10.54: RT @fauzan_ramon89: Jl KHA Dahlan, Jogja lalin lancar. #IdulFitri https://t.co/cWwVsks32w","2016-07-06 10:40:51","Jl KHA Dahlan Lalin Lancar @peta_mudik @RadioElshinta @SindotrijayaFM @SCTV_ @mudikkompas @MudikTvone @ATCS_DIY https://t.co/ld3CBK2TqQ","similar",0.790569415042095,0.769230769230769,0.625,0.926829268292683,1,0.798266641597975,0.778424258867834,0.963368869444543,0.828571428571429
"2016-07-06 10:57:36","10.57: RT @fauzan_ramon89: Jl Cokroaminoto, Jogja lalin lancar. #InfoMudik #IdulFitri  https://t.co/LYwxqqWIDW","2016-07-06 10:43:37","Jl Cokroaminoto lalin lancar @peta_mudik @RadioElshinta @SindotrijayaFM @SCTV_ @mudikkompas @MudikTvone @ATCS_DIY https://t.co/aCtQafyAG7","similar",0.755928946018454,0.727272727272727,0.571428571428571,0.926829268292683,1,0.673318528783778,0.623876416874894,0.959673783883569,0.837837837837838
"2016-07-06 10:58:02","RT @RadioElshinta: 10.55: RT @fauzan_ramon89: Lalin di Pertigaan Jatikencana, Jogja lancar. https://t.co/oQU8jj0dYV","2016-07-06 10:55:59","10.55: RT @fauzan_ramon89: Lalin di Pertigaan Jatikencana, Jogja lancar. https://t.co/oQU8jj0dYV","similar",1,1,1,1,1,1,1,1,1
"2016-07-06 11:00:13","10.59: RT @fauzan_ramon89: Jl Kyai Mojo, Jogja lalin lancar. #InfoMudik https://t.co/qnTCkFlyxN","2016-07-06 10:47:37","Jl Kyai Mojo Lalin Lancar @peta_mudik @RadioElshinta @SindotrijayaFM @mudikkompas @MudikTvone @SCTV_ @ATCS_DIY https://t.co/gf02UXHKCV","similar",0.790569415042095,0.769230769230769,0.625,0.926829268292683,1,0.772807996563405,0.747833908832704,0.959673783883569,0.823529411764706
"2016-07-06 11:01:47","#CelotehJKT : 10.54: RT fauzan_ramon89: Jl KHA Dahlan, Jogja lalin lancar. #IdulFitri https://t.co/GMbgjygV4y","2016-07-06 10:40:51","Jl KHA Dahlan Lalin Lancar @peta_mudik @RadioElshinta @SindotrijayaFM @SCTV_ @mudikkompas @MudikTvone @ATCS_DIY https://t.co/ld3CBK2TqQ","similar",0.707106781186547,0.666666666666667,0.5,0.878048780487805,1,0.703385126149458,0.661984178331485,0.934642599106166,0.682352941176471
"2016-07-06 11:01:49","#CelotehJKT : 10.55: RT fauzan_ramon89: Lalin di Pertigaan Jatikencana, Jogja lancar. https://t.co/X98oUifm0O","2016-07-06 10:55:59","10.55: RT @fauzan_ramon89: Lalin di Pertigaan Jatikencana, Jogja lancar. https://t.co/oQU8jj0dYV","similar",0.894427190999916,0.888888888888889,0.8,0.951219512195122,1,0.857335218332171,0.847277978403325,0.971273729661623,0.867256637168142
"2016-07-06 11:01:51","#CelotehJKT : 10.57: RT fauzan_ramon89: Jl Cokroaminoto, Jogja lalin lancar. #InfoMudik #IdulFitri  https://t.co/uDuyzlG8OW","2016-07-06 10:43:37","Jl Cokroaminoto lalin lancar @peta_mudik @RadioElshinta @SindotrijayaFM @SCTV_ @mudikkompas @MudikTvone @ATCS_DIY https://t.co/aCtQafyAG7","similar",0.666666666666667,0.615384615384615,0.444444444444444,0.878048780487805,1,0.582291892328769,0.506419239695994,0.930947513545192,0.696629213483146
"2016-07-06 11:01:53","#CelotehJKT : 10.59: RT fauzan_ramon89: Jl Kyai Mojo, Jogja lalin lancar. #InfoMudik https://t.co/0SmG1CGNW3","2016-07-06 10:47:37","Jl Kyai Mojo Lalin Lancar @peta_mudik @RadioElshinta @SindotrijayaFM @mudikkompas @MudikTvone @SCTV_ @ATCS_DIY https://t.co/gf02UXHKCV","similar",0.707106781186547,0.666666666666667,0.5,0.878048780487805,1,0.691672489172945,0.64719605921896,0.930947513545192,0.674698795180723
"2016-07-06 11:05:43","RT @RadioElshinta: 10.57: RT @fauzan_ramon89: Jl Cokroaminoto, Jogja lalin lancar. #InfoMudik #IdulFitri  https://t.co/LYwxqqWIDW","2016-07-06 10:43:37","Jl Cokroaminoto lalin lancar @peta_mudik @RadioElshinta @SindotrijayaFM @SCTV_ @mudikkompas @MudikTvone @ATCS_DIY https://t.co/aCtQafyAG7","similar",0.755928946018454,0.727272727272727,0.571428571428571,0.926829268292683,1,0.673318528783778,0.623876416874894,0.959673783883569,0.837837837837838
"2016-07-06 11:06:33","#Lalin 10.54: RT fauzan_ramon89: Jl KHA Dahlan, Jogja lalin lancar. #IdulFitri https://t.co/zqhiDn4Zgg","2016-07-06 10:40:51","Jl KHA Dahlan Lalin Lancar @peta_mudik @RadioElshinta @SindotrijayaFM @SCTV_ @mudikkompas @MudikTvone @ATCS_DIY https://t.co/ld3CBK2TqQ","similar",0.707106781186547,0.666666666666667,0.5,0.878048780487805,1,0.703385126149458,0.661984178331485,0.934642599106166,0.682352941176471
"2016-07-06 11:06:34","#Lalin 10.55: RT fauzan_ramon89: Lalin di Pertigaan Jatikencana, Jogja lancar. https://t.co/jgsNxCoLa4","2016-07-06 10:55:59","10.55: RT @fauzan_ramon89: Lalin di Pertigaan Jatikencana, Jogja lancar. https://t.co/oQU8jj0dYV","similar",0.894427190999916,0.888888888888889,0.8,0.951219512195122,1,0.857335218332171,0.847277978403325,0.971273729661623,0.867256637168142
"2016-07-06 11:06:35","#Lalin 10.57: RT fauzan_ramon89: Jl Cokroaminoto, Jogja lalin lancar. #InfoMudik #IdulFitri  https://t.co/lZq8XvoASr","2016-07-06 10:43:37","Jl Cokroaminoto lalin lancar @peta_mudik @RadioElshinta @SindotrijayaFM @SCTV_ @mudikkompas @MudikTvone @ATCS_DIY https://t.co/aCtQafyAG7","similar",0.666666666666667,0.615384615384615,0.444444444444444,0.878048780487805,1,0.582291892328769,0.506419239695994,0.930947513545192,0.696629213483146
"2016-07-06 11:06:36","#Lalin 10.59: RT fauzan_ramon89: Jl Kyai Mojo, Jogja lalin lancar. #InfoMudik https://t.co/Sk4iRv0C7R","2016-07-06 10:47:37","Jl Kyai Mojo Lalin Lancar @peta_mudik @RadioElshinta @SindotrijayaFM @mudikkompas @MudikTvone @SCTV_ @ATCS_DIY https://t.co/gf02UXHKCV","similar",0.707106781186547,0.666666666666667,0.5,0.878048780487805,1,0.691672489172945,0.64719605921896,0.930947513545192,0.674698795180723
"2016-07-06 11:07:17","11.07: RT @fauzan_ramon89: Per3an Jatikencana, Jogja lalin lancar. #InfoMudik https://t.co/oQU8jj0dYV","2016-07-06 10:55:59","10.55: RT @fauzan_ramon89: Lalin di Pertigaan Jatikencana, Jogja lancar. https://t.co/oQU8jj0dYV","similar",0.668153104781061,0.666666666666667,0.5,0.878048780487805,0.714285714285714,0.54100790960325,0.538252859584486,0.928806215449542,0.778947368421053
"2016-07-06 11:10:02","RadioElshinta : 10.55: RT fauzan_ramon89: Lalin di Pertigaan Jatikencana, Jogja lancar. … https://t.co/DXHJ3MyqxX) https://t.co/id09uyvkSq","2016-07-06 10:55:59","10.55: RT @fauzan_ramon89: Lalin di Pertigaan Jatikencana, Jogja lancar. https://t.co/oQU8jj0dYV","similar",0.852802865422442,0.842105263157895,0.727272727272727,0.926829268292683,1,0.725413272400748,0.684920763582315,0.941057063486142,0.771653543307087
"2016-07-06 11:15:12","RT @CelotehSMG: #Lalin 10.55: RT fauzan_ramon89: Lalin di Pertigaan Jatikencana, Jogja lancar. https://t.co/jgsNxCoLa4","2016-07-06 10:55:59","10.55: RT @fauzan_ramon89: Lalin di Pertigaan Jatikencana, Jogja lancar. https://t.co/oQU8jj0dYV","similar",0.894427190999916,0.888888888888889,0.8,0.951219512195122,1,0.857335218332171,0.847277978403325,0.971273729661623,0.867256637168142
"2016-07-06 11:15:12","RT @CelotehSMG: #Lalin 10.54: RT fauzan_ramon89: Jl KHA Dahlan, Jogja lalin lancar. #IdulFitri https://t.co/zqhiDn4Zgg","2016-07-06 10:40:51","Jl KHA Dahlan Lalin Lancar @peta_mudik @RadioElshinta @SindotrijayaFM @SCTV_ @mudikkompas @MudikTvone @ATCS_DIY https://t.co/ld3CBK2TqQ","similar",0.707106781186547,0.666666666666667,0.5,0.878048780487805,1,0.703385126149458,0.661984178331485,0.934642599106166,0.682352941176471
"2016-07-06 11:15:12","RT @CelotehSMG: #Lalin 10.50: RT fauzan_ramon89: Situasi Jl Bayangkara arah KM 0 Jogja. #InfoMudik #IdulFitri https://t.co/CS8rktOUfx","2016-07-06 11:06:31","#Lalin 10.50: RT fauzan_ramon89: Situasi Jl Bayangkara arah KM 0 Jogja. #InfoMudik #IdulFitri https://t.co/CS8rktOUfx","similar",1,1,1,1,1,1,1,1,1
"2016-07-06 11:19:18","#CelotehJKT : 11.07: RT fauzan_ramon89: Per3an Jatikencana, Jogja lalin lancar. #InfoMudik https://t.co/X98oUifm0O","2016-07-06 10:55:59","10.55: RT @fauzan_ramon89: Lalin di Pertigaan Jatikencana, Jogja lancar. https://t.co/oQU8jj0dYV","similar",0.589255650988789,0.588235294117647,0.416666666666667,0.829268292682927,0.625,0.475505289143681,0.463179562391238,0.900079945111165,0.727272727272727
"2016-07-06 11:24:12","#Lalin 11.07: RT fauzan_ramon89: Per3an Jatikencana, Jogja lalin lancar. #InfoMudik https://t.co/jgsNxCoLa4","2016-07-06 10:55:59","10.55: RT @fauzan_ramon89: Lalin di Pertigaan Jatikencana, Jogja lancar. https://t.co/oQU8jj0dYV","similar",0.589255650988789,0.588235294117647,0.416666666666667,0.829268292682927,0.625,0.475505289143681,0.463179562391238,0.900079945111165,0.727272727272727
"2016-07-06 11:50:25","RT @CelotehSMG: #Lalin 11.07: RT fauzan_ramon89: Per3an Jatikencana, Jogja lalin lancar. #InfoMudik https://t.co/jgsNxCoLa4","2016-07-06 10:55:59","10.55: RT @fauzan_ramon89: Lalin di Pertigaan Jatikencana, Jogja lancar. https://t.co/oQU8jj0dYV","similar",0.589255650988789,0.588235294117647,0.416666666666667,0.829268292682927,0.625,0.475505289143681,0.463179562391238,0.900079945111165,0.727272727272727
"2016-07-06 12:00:27","#Lalin 11.58: RT pramuditabogy1: Jl Magelang Jogja, padat merayap dua arah. #InfoMudik https://t.co/kkWgpdztsL","2016-07-06 11:58:47","11.58: RT @pramuditabogy1: Jl Magelang Jogja, padat merayap dua arah. #InfoMudik https://t.co/CWDyLZellx","similar",0.948683298050514,0.947368421052632,0.9,0.975609756097561,1,0.887686417838694,0.881423744878435,0.979089827606108,0.867256637168142
"2016-07-06 12:02:43","RT @RadioElshinta: 11.58: RT @pramuditabogy1: Jl Magelang Jogja, padat merayap dua arah. #InfoMudik https://t.co/CWDyLZellx","2016-07-06 11:58:47","11.58: RT @pramuditabogy1: Jl Magelang Jogja, padat merayap dua arah. #InfoMudik https://t.co/CWDyLZellx","similar",1,1,1,1,1,1,1,1,1
"2016-07-06 12:03:14","RadioElshinta : 11.58: RT pramuditabogy1: Jl Magelang Jogja, padat merayap dua arah. #Info… https://t.co/gVxGYsnpdw) https://t.co/LsCIAq4VqJ","2016-07-06 11:58:47","11.58: RT @pramuditabogy1: Jl Magelang Jogja, padat merayap dua arah. #InfoMudik https://t.co/CWDyLZellx","similar",0.904534033733291,0.9,0.818181818181818,0.951219512195122,1,0.775699158487273,0.751333875473796,0.953822227098491,0.771653543307087
"2016-07-06 12:13:38","#CelotehJKT : 11.58: RT pramuditabogy1: Jl Magelang Jogja, padat merayap dua arah. #InfoMudik https://t.co/USdb3eCxY6","2016-07-06 11:58:47","11.58: RT @pramuditabogy1: Jl Magelang Jogja, padat merayap dua arah. #InfoMudik https://t.co/CWDyLZellx","similar",0.948683298050514,0.947368421052632,0.9,0.975609756097561,1,0.887686417838694,0.881423744878435,0.979089827606108,0.867256637168142
"2016-07-06 12:16:21","RT @CelotehJKT: #CelotehJKT : 11.58: RT pramuditabogy1: Jl Magelang Jogja, padat merayap dua arah. #InfoMudik https://t.co/USdb3eCxY6","2016-07-06 11:58:47","11.58: RT @pramuditabogy1: Jl Magelang Jogja, padat merayap dua arah. #InfoMudik https://t.co/CWDyLZellx","similar",0.948683298050514,0.947368421052632,0.9,0.975609756097561,1,0.887686417838694,0.881423744878435,0.979089827606108,0.867256637168142
"2016-07-06 12:25:16","RT @CelotehSMG: #Lalin 11.58: RT pramuditabogy1: Jl Magelang Jogja, padat merayap dua arah. #InfoMudik https://t.co/kkWgpdztsL","2016-07-06 11:58:47","11.58: RT @pramuditabogy1: Jl Magelang Jogja, padat merayap dua arah. #InfoMudik https://t.co/CWDyLZellx","similar",0.948683298050514,0.947368421052632,0.9,0.975609756097561,1,0.887686417838694,0.881423744878435,0.979089827606108,0.867256637168142
"2016-07-06 12:35:15","RT @ATCS_DIY: 12.33 WIB kondisi lalin sp Bandara terpantau lancar. Patuhi rmabu dan marka. https://t.co/MhEVYXPW0i","2016-07-06 12:34:16","12.33 WIB kondisi lalin sp Bandara terpantau lancar. Patuhi rmabu dan marka. https://t.co/MhEVYXPW0i","similar",1,1,1,1,1,1,1,1,1
"2016-07-06 12:40:05","lalin Jogja Solo terpantau ramai lancar demikian jg arah sebaliknya (via @ikabaskoro)","2016-07-06 12:39:41","@RadioElshinta @lewatmana lalin Jogja Solo terpantau ramai lancar demikian jg arah sebaliknya","similar",0.953462589245592,0.952380952380952,0.909090909090909,0.975609756097561,1,0.946857330253275,0.94544736130082,0.98599618776595,0.971014492753623
"2016-07-06 12:45:17","https://t.co/YI0JTRVfN4 lalin Jogja Solo terpantau ramai lancar demikian jg arah sebaliknya (via ikabaskoro)","2016-07-06 12:39:41","@RadioElshinta @lewatmana lalin Jogja Solo terpantau ramai lancar demikian jg arah sebaliknya","similar",0.912870929175277,0.909090909090909,0.833333333333333,0.951219512195122,1,0.83355135483692,0.819925228195268,0.962537083325941,0.899328859060403
"2016-07-06 12:45:33","RT @lewatmana: lalin Jogja Solo terpantau ramai lancar demikian jg arah sebaliknya (via @ikabaskoro)","2016-07-06 12:39:41","@RadioElshinta @lewatmana lalin Jogja Solo terpantau ramai lancar demikian jg arah sebaliknya","similar",0.953462589245592,0.952380952380952,0.909090909090909,0.975609756097561,1,0.946857330253275,0.94544736130082,0.98599618776595,0.971014492753623
"2016-07-06 12:50:39","lewatmana: lalin Jogja Solo terpantau ramai lancar demikian jg arah sebaliknya (via ikabaskoro)","2016-07-06 12:39:41","@RadioElshinta @lewatmana lalin Jogja Solo terpantau ramai lancar demikian jg arah sebaliknya","similar",0.877058019307029,0.869565217391304,0.769230769230769,0.926829268292683,1,0.742280025425372,0.710492418217418,0.937269482818324,0.842767295597484
"2016-07-06 12:53:08","https://t.co/prywspIZa7 lalin Jogja Solo terpantau ramai lancar demikian jg arah sebaliknya (via ikabaskoro)","2016-07-06 12:39:41","@RadioElshinta @lewatmana lalin Jogja Solo terpantau ramai lancar demikian jg arah sebaliknya","similar",0.912870929175277,0.909090909090909,0.833333333333333,0.951219512195122,1,0.83355135483692,0.819925228195268,0.962537083325941,0.899328859060403
"2016-07-06 13:16:56","RT @lalinjogja: 13.14 Arus lalulintas di simpang Tugu Jogja, lengang.","2016-07-06 13:16:29","13.14 Arus lalulintas di simpang Tugu Jogja, lengang.","similar",1,1,1,1,1,1,1,1,1
"2016-07-06 13:24:10","RT @lalinjogja: 13.18 Arus lalin di simpang Abu Bakar Ali, Jl Malioboro, lengang. Cuaca cerah","2016-07-06 13:21:51","13.18 Arus lalin di simpang Abu Bakar Ali, Jl Malioboro, lengang. Cuaca cerah","similar",1,1,1,1,1,1,1,1,1
"2016-07-06 13:43:00","[Jogja] REALTIME NEWS: Bersiap! Arus Lalu Lintas Masuk Kota Klaten Padat Merayap https://t.co/1iZutE9JNd","2016-07-06 13:27:45","REALTIME NEWS: Bersiap! Arus Lalu Lintas Masuk Kota Klaten Padat Merayap https://t.co/SJZlvVgSsC","similar",0.957427107756338,0.956521739130435,0.916666666666667,0.975609756097561,1,0.985820591008976,0.985720073439462,0.993668800942356,0.958904109589041
"2016-07-06 13:49:47","RT @tribunjogja: REALTIME NEWS: Bersiap! Arus Lalu Lintas Masuk Kota Klaten Padat Merayap https://t.co/SJZlvVgSsC","2016-07-06 13:27:45","REALTIME NEWS: Bersiap! Arus Lalu Lintas Masuk Kota Klaten Padat Merayap https://t.co/SJZlvVgSsC","similar",1,1,1,1,1,1,1,1,1
"2016-07-06 13:52:33","[POSKOTRAFFIC] Arus lalulintas di simpang Tugu Jogja, lengang #POSKO3","2016-07-06 13:16:29","13.14 Arus lalulintas di simpang Tugu Jogja, lengang.","similar",0.824957911384305,0.823529411764706,0.7,0.926829268292683,0.875,0.665179568703593,0.664339553898384,0.938435009044755,0.844036697247706
"2016-07-06 13:52:51","[POSKOTRAFFIC] Arus lalin di simpang Abu Bakar Ali, Jl Malioboro, lengang. Cuaca cerah","2016-07-06 13:21:51","13.18 Arus lalin di simpang Abu Bakar Ali, Jl Malioboro, lengang. Cuaca cerah","similar",0.889499179993321,0.888888888888889,0.8,0.926829268292683,0.923076923076923,0.922357621172919,0.922329569866762,0.940820647755928,0.894409937888199
"2016-07-06 13:53:12","[POSKOTRAFFIC] Arus lalin di simpang Abu Bakar Ali, Jl Malioboro, lengang #POSKO3","2016-07-06 13:21:51","13.18 Arus lalin di simpang Abu Bakar Ali, Jl Malioboro, lengang. Cuaca cerah","similar",0.80582296402538,0.8,0.666666666666667,0.878048780487805,0.909090909090909,0.844323683624843,0.841374760066799,0.893902438875909,0.805369127516778
"2016-07-06 13:58:36","#BeritaJogja REALTIME NEWS: Bersiap! Arus Lalu Lintas Masuk Kota Klaten Padat Merayap: Arus lal... https://t.co/Kv7OcqYqBu [TribunJogja]","2016-07-06 13:27:45","REALTIME NEWS: Bersiap! Arus Lalu Lintas Masuk Kota Klaten Padat Merayap https://t.co/SJZlvVgSsC","similar",0.904534033733291,0.888888888888889,0.846153846153846,0.926829268292683,1,0.536096115295508,0.42817843277684,0.906357026423739,0.869565217391304
"2016-07-06 13:58:38","#jogja #infojogja REALTIME NEWS: Bersiap! Arus Lalu Lintas Masuk Kota Klaten Padat Merayap: A... https://t.co/BvBVe06eEV @prambanantrans","2016-07-06 13:27:45","REALTIME NEWS: Bersiap! Arus Lalu Lintas Masuk Kota Klaten Padat Merayap https://t.co/SJZlvVgSsC","similar",0.957427107756338,0.956521739130435,0.916666666666667,0.975609756097561,1,0.112515116005253,0.025002776230005,0.671521193400977,0.985915492957746
"2016-07-06 13:58:39","#jogja #infojogja REALTIME NEWS: Bersiap! Arus Lalu Lintas Masuk Kota Klaten Padat Merayap: A... https://t.co/McvIkAZgJU @prambanantrans","2016-07-06 13:27:45","REALTIME NEWS: Bersiap! Arus Lalu Lintas Masuk Kota Klaten Padat Merayap https://t.co/SJZlvVgSsC","similar",0.957427107756338,0.956521739130435,0.916666666666667,0.975609756097561,1,0.112515116005253,0.025002776230005,0.671521193400977,0.985915492957746
"2016-07-06 13:59:05","REALTIME NEWS: Bersiap! Arus Lalu Lintas Masuk Kota Klaten Padat Merayap https://t.co/AMfzT2b4hq #Jogja","2016-07-06 13:27:45","REALTIME NEWS: Bersiap! Arus Lalu Lintas Masuk Kota Klaten Padat Merayap https://t.co/SJZlvVgSsC","similar",1,1,1,1,1,1,1,1,1
"2016-07-06 13:59:05","#Seputar #Jogja REALTIME NEWS: Bersiap! Arus Lalu Lintas Masuk Kota Klaten Padat Merayap https://t.co/RvMSjO2bKq #RentalMobilJogja","2016-07-06 13:27:45","REALTIME NEWS: Bersiap! Arus Lalu Lintas Masuk Kota Klaten Padat Merayap https://t.co/SJZlvVgSsC","similar",1,1,1,1,1,1,1,1,1
"2016-07-06 13:59:07","#Seputar #Jogja REALTIME NEWS: Bersiap! Arus Lalu Lintas Masuk Kota Klaten Padat Merayap https://t.co/hFcg8nyNga #RentalMobilJogja","2016-07-06 13:27:45","REALTIME NEWS: Bersiap! Arus Lalu Lintas Masuk Kota Klaten Padat Merayap https://t.co/SJZlvVgSsC","similar",1,1,1,1,1,1,1,1,1
"2016-07-06 14:03:06","#InfoJogja REALTIME NEWS: Bersiap! Arus Lalu Lintas Masuk Kota Klaten Padat Merayap https://t.co/AMyopQhDyW","2016-07-06 13:27:45","REALTIME NEWS: Bersiap! Arus Lalu Lintas Masuk Kota Klaten Padat Merayap https://t.co/SJZlvVgSsC","similar",1,1,1,1,1,1,1,1,1
"2016-07-06 14:03:14","#jogja #update REALTIME NEWS: Bersiap! Arus Lalu Lintas Masuk Kota Klaten Padat Merayap: Arus lalu lint... https://t.co/VxTnDfF2S7 #news","2016-07-06 13:27:45","REALTIME NEWS: Bersiap! Arus Lalu Lintas Masuk Kota Klaten Padat Merayap https://t.co/SJZlvVgSsC","similar",0.923869770874312,0.896551724137931,0.916666666666667,0.926829268292683,1,0.58355039597607,0.484321403887126,0.928884602970875,0.903225806451613
"2016-07-06 14:03:16","Kumpulan #Berita REALTIME NEWS: Bersiap! Arus Lalu Lintas Masuk Kota Klaten Padat Merayap: ... https://t.co/lIMNm3lwLz via Tribun #jogja","2016-07-06 13:27:45","REALTIME NEWS: Bersiap! Arus Lalu Lintas Masuk Kota Klaten Padat Merayap https://t.co/SJZlvVgSsC","similar",0.886405260427918,0.88,0.785714285714286,0.926829268292683,1,0.697974558024563,0.655162463440657,0.936123329303467,0.875
"2016-07-06 14:03:18","#beritainyangada REALTIME NEWS: Bersiap! Arus Lalu Lintas Masuk Kota Klaten Padat Merayap: ... https://t.co/G8eGaS9OHm via Tribun #jogja","2016-07-06 13:27:45","REALTIME NEWS: Bersiap! Arus Lalu Lintas Masuk Kota Klaten Padat Merayap https://t.co/SJZlvVgSsC","similar",0.9198662110078,0.916666666666667,0.846153846153846,0.951219512195122,1,0.818301902001049,0.802121205794536,0.963939861857201,0.927152317880795
"2016-07-06 14:03:20","#Berita #Terkini REALTIME NEWS: Bersiap! Arus Lalu Lintas Masuk Kota Klaten Padat Merayap: ... https://t.co/cqP0hvDWRJ via Tribun #Jogja","2016-07-06 13:27:45","REALTIME NEWS: Bersiap! Arus Lalu Lintas Masuk Kota Klaten Padat Merayap https://t.co/SJZlvVgSsC","similar",0.9198662110078,0.916666666666667,0.846153846153846,0.951219512195122,1,0.818301902001049,0.802121205794536,0.963939861857201,0.927152317880795
"2016-07-06 14:03:21","#Dunia Dalam #Berita REALTIME NEWS: Bersiap! Arus Lalu Lintas Masuk Kota Klaten Padat Meray... https://t.co/I1FxFEdp6M via Tribun #Jogja","2016-07-06 13:27:45","REALTIME NEWS: Bersiap! Arus Lalu Lintas Masuk Kota Klaten Padat Merayap https://t.co/SJZlvVgSsC","similar",0.80582296402538,0.8,0.666666666666667,0.878048780487805,0.909090909090909,0.580689742967431,0.523003310233567,0.898113420834675,0.890322580645161
"2016-07-06 14:20:53","ATCS_DIY : 14.16 wib, kondisi lalin sp prambanan dari arah timur terpantau lancar … https://t.co/c77aXnVdoL) https://t.co/iYd5hUflrD","2016-07-06 14:17:08","14.16 wib, kondisi lalin sp prambanan dari arah timur terpantau lancar https://t.co/5CbK9YZi4X","similar",0.925820099772552,0.923076923076923,0.857142857142857,0.951219512195122,1,0.912042384785457,0.908190451063255,0.976531477670692,0.942675159235669
"2016-07-06 14:20:57","ATCS_DIY : 14.17 wib, kondisi lalin sp condong catur dari arah barat terpantau antrian ken… https://t.co/NmdGZrz3gY) https://t.co/VGiTkLTmIp","2016-07-06 14:18:08","14.17 wib, kondisi lalin sp condong catur dari arah barat terpantau antrian kend cukup panjang https://t.co/OssUygq5wI","similar",0.8125,0.8125,0.68421052631579,0.853658536585366,0.8125,0.716740501005822,0.716734524154189,0.900282396281872,0.851282051282051
"2016-07-06 14:24:48","RT @ATCS_DIY: 14.17 wib, kondisi lalin sp condong catur dari arah barat terpantau antrian kend cukup panjang https://t.co/OssUygq5wI","2016-07-06 14:18:08","14.17 wib, kondisi lalin sp condong catur dari arah barat terpantau antrian kend cukup panjang https://t.co/OssUygq5wI","similar",1,1,1,1,1,1,1,1,1
"2016-07-06 14:25:51","REALTIME NEWS: Bersiap! Arus Lalu Lintas Masuk Kota Klaten ... - https://t.co/H2BuHfGdSj https://t.co/cHSnvxTcz9 #Klaten","2016-07-06 13:27:45","REALTIME NEWS: Bersiap! Arus Lalu Lintas Masuk Kota Klaten Padat Merayap https://t.co/SJZlvVgSsC","similar",0.904534033733291,0.9,0.818181818181818,0.951219512195122,1,0.944398257081928,0.942855006144161,0.983049062349471,0.888888888888889
"2016-07-06 14:37:38","ATCS_DIY : 14.17 wib, kondisi lalin sp condong catur dari arah barat terpantau antrian ken… https://t.co/NmdGZrz3gY) https://t.co/IVV5UgoBls","2016-07-06 14:18:08","14.17 wib, kondisi lalin sp condong catur dari arah barat terpantau antrian kend cukup panjang https://t.co/OssUygq5wI","similar",0.8125,0.8125,0.68421052631579,0.853658536585366,0.8125,0.716740501005822,0.716734524154189,0.900282396281872,0.851282051282051
"2016-07-06 14:38:04","RT @ATCS_DIY: 14.37 wib, kondisi lalin sp gamping dari arah barat terpantau lancar https://t.co/CBlrgVsEiN","2016-07-06 14:37:37","14.37 wib, kondisi lalin sp gamping dari arah barat terpantau lancar https://t.co/CBlrgVsEiN","similar",1,1,1,1,1,1,1,1,1
"2016-07-06 14:38:10","REALTIME NEWS: Bersiap! Arus Lalu Lintas Masuk Kota Klaten Padat Merayap - https://t.co/ZSENXBWYdt https://t.co/3TQMclJUT0 #Klaten #Nobar","2016-07-06 13:27:45","REALTIME NEWS: Bersiap! Arus Lalu Lintas Masuk Kota Klaten Padat Merayap https://t.co/SJZlvVgSsC","similar",1,1,1,1,1,1,1,1,1
"2016-07-06 14:41:03","RT @ATCS_DIY: 14.16 wib, kondisi lalin sp prambanan dari arah timur terpantau lancar https://t.co/5CbK9YZi4X","2016-07-06 14:17:08","14.16 wib, kondisi lalin sp prambanan dari arah timur terpantau lancar https://t.co/5CbK9YZi4X","similar",1,1,1,1,1,1,1,1,1
"2016-07-06 14:55:17","ATCS_DIY : 14.37 wib, kondisi lalin sp gamping dari arah barat terpantau lancar … https://t.co/B7HAU0vw6a) https://t.co/ugVrP84MNY","2016-07-06 14:37:37","14.37 wib, kondisi lalin sp gamping dari arah barat terpantau lancar https://t.co/CBlrgVsEiN","similar",0.925820099772552,0.923076923076923,0.857142857142857,0.951219512195122,1,0.933071181414501,0.930836811392091,0.976531477670692,0.941176470588235
"2016-07-06 15:24:42","RT @ATCS_DIY: 15.22 WIB kondisi lalin sp Kidsfun terpantau ramai. https://t.co/iVjMpxLSzE","2016-07-06 15:24:07","15.22 WIB kondisi lalin sp Kidsfun terpantau ramai. https://t.co/iVjMpxLSzE","similar",1,1,1,1,1,1,1,1,1
"2016-07-06 15:27:44","ATCS_DIY : 15.22 WIB kondisi lalin sp Kidsfun terpantau ramai. https://t.co/yG1Q9G2h01 (v… https://t.co/jzqogFMEyP) https://t.co/XQxvEz1KQI","2016-07-06 15:24:07","15.22 WIB kondisi lalin sp Kidsfun terpantau ramai. https://t.co/iVjMpxLSzE","similar",0.866025403784439,0.857142857142857,0.75,0.926829268292683,1,0.785129135363135,0.762703752999944,0.948714945116958,0.909090909090909
"2016-07-06 16:38:04","jl raya prupuk macet parah . padat merayap, yang ke jogja dan sekitarnya disarankan lewat jalur selatan (via @Riisma98)","2016-07-06 16:37:23","@lewatmana jl raya prupuk macet parah . padat merayap, yang ke jogja dan sekitarnya disarankan lewat jalur selatan","similar",0.970142500145332,0.96969696969697,0.941176470588235,0.975609756097561,1,0.984703410701911,0.984586431778125,0.98599618776595,0.980952380952381
"2016-07-06 16:49:59","lewatmana: jl raya prupuk macet parah . padat merayap, yang ke jogja dan sekitarnya disarankan lewat jalur selatan (via Riisma98)","2016-07-06 16:37:23","@lewatmana jl raya prupuk macet parah . padat merayap, yang ke jogja dan sekitarnya disarankan lewat jalur selatan","similar",0.917662935482247,0.914285714285714,0.842105263157895,0.926829268292683,1,0.884480116309772,0.870438994037805,0.913810378378315,0.899563318777293
"2016-07-06 16:52:49","16.52 WIB kondisi lalu lintas di simpang patran terpantau ramai lancar dari semua arah https://t.co/rE7AoirJ5l","2016-07-06 16:50:50","16.50 WIB kondisi lalu lintas di simpang UIN terpantau ramai lancar dari semua arah https://t.co/MsnNjcX0QG","similar",0.866666666666667,0.866666666666667,0.764705882352941,0.902439024390244,0.866666666666667,0.520693630372876,0.520518041467589,0.90871251428608,0.946745562130178
"2016-07-06 16:53:33","ATCS_DIY : 16.45 WIB kondisi lalu lintas di simpang bandara terpantau ramai lancar dari ti… https://t.co/FpkyAowKHQ) https://t.co/ohgEhgRYZL","2016-07-06 16:45:50","16.45 WIB kondisi lalu lintas di simpang bandara terpantau ramai lancar dari timur dan barat, lancar dari selatan https://t.co/wV8qYKmeva","similar",0.78192905271403,0.769230769230769,0.65,0.780487804878049,0.8125,0.631523316447725,0.631508495631574,0.872032483351209,0.79
"2016-07-06 16:53:36","ATCS_DIY : 16.47 WIB kondisi lalu lintas di simpang maguwo terpantau padat lancar dari tim… https://t.co/oDMREyika0) https://t.co/x84SdN0j1A","2016-07-06 16:49:13","16.47 WIB kondisi lalu lintas di simpang maguwo terpantau padat lancar dari timur dan barat https://t.co/qGkONbd1hJ","similar",0.8125,0.8125,0.68421052631579,0.853658536585366,0.8125,0.679877531570289,0.675793544892574,0.901340095916271,0.88268156424581
"2016-07-06 16:53:38","ATCS_DIY : 16.50 WIB kondisi lalu lintas di simpang UIN terpantau ramai lancar dari semua … https://t.co/OOrwdjdVe8) https://t.co/VPzoNQ9Sd3","2016-07-06 16:50:50","16.50 WIB kondisi lalu lintas di simpang UIN terpantau ramai lancar dari semua arah https://t.co/MsnNjcX0QG","similar",0.903696114115064,0.903225806451613,0.823529411764706,0.926829268292683,0.933333333333333,0.925289937755931,0.922667529280506,0.964247707623793,0.917647058823529
"2016-07-06 16:53:42","ATCS_DIY : 16.51 WIB kondisi lalu lintas di jalan malioboro terpantau ramai lancar, tetap … https://t.co/r09jngHBns) https://t.co/AgkbmHoptE","2016-07-06 16:51:36","16.51 WIB kondisi lalu lintas di jalan malioboro terpantau ramai lancar, tetap patuhi rambu lalu lintas dan marka.. https://t.co/D3FS9GN8ga","similar",0.807572853087248,0.789473684210526,0.68421052631579,0.804878048780488,0.866666666666667,0.665770086322911,0.642292198981548,0.875574687058029,0.777777777777778
"2016-07-06 16:53:44","ATCS_DIY : 16.52 WIB kondisi lalu lintas di simpang patran terpantau ramai lancar dari sem… https://t.co/eML2WXkOFK) https://t.co/yho8zJDhpw","2016-07-06 16:52:49","16.52 WIB kondisi lalu lintas di simpang patran terpantau ramai lancar dari semua arah https://t.co/rE7AoirJ5l","similar",0.839146391678274,0.838709677419355,0.722222222222222,0.878048780487805,0.866666666666667,0.702145938205192,0.695968271441393,0.915521002676166,0.908045977011494
"2016-07-06 16:56:18","RT @ATCS_DIY: 16.45 WIB kondisi lalu lintas di simpang bandara terpantau ramai lancar dari timur dan barat, lancar dari selatan https://t.c…","2016-07-06 16:45:50","16.45 WIB kondisi lalu lintas di simpang bandara terpantau ramai lancar dari timur dan barat, lancar dari selatan https://t.co/wV8qYKmeva","similar",1,1,1,1,0.894736842105263,1,1,1,1
"2016-07-06 16:56:35","RT @ATCS_DIY: 16.47 WIB kondisi lalu lintas di simpang maguwo terpantau padat lancar dari timur dan barat https://t.co/qGkONbd1hJ","2016-07-06 16:49:13","16.47 WIB kondisi lalu lintas di simpang maguwo terpantau padat lancar dari timur dan barat https://t.co/qGkONbd1hJ","similar",1,1,1,1,1,1,1,1,1
"2016-07-06 16:57:05","RT @ATCS_DIY: 16.50 WIB kondisi lalu lintas di simpang UIN terpantau ramai lancar dari semua arah https://t.co/MsnNjcX0QG","2016-07-06 16:50:50","16.50 WIB kondisi lalu lintas di simpang UIN terpantau ramai lancar dari semua arah https://t.co/MsnNjcX0QG","similar",1,1,1,1,1,1,1,1,1
"2016-07-06 16:57:09","RT @ATCS_DIY: 16.51 WIB kondisi lalu lintas di jalan malioboro terpantau ramai lancar, tetap patuhi rambu lalu lintas dan marka.. https://t…","2016-07-06 16:51:36","16.51 WIB kondisi lalu lintas di jalan malioboro terpantau ramai lancar, tetap patuhi rambu lalu lintas dan marka.. https://t.co/D3FS9GN8ga","similar",1,1,1,1,0.894736842105263,1,1,1,1
"2016-07-06 16:57:21","RT @ATCS_DIY: 16.52 WIB kondisi lalu lintas di simpang patran terpantau ramai lancar dari semua arah https://t.co/rE7AoirJ5l","2016-07-06 16:52:49","16.52 WIB kondisi lalu lintas di simpang patran terpantau ramai lancar dari semua arah https://t.co/rE7AoirJ5l","similar",1,1,1,1,1,1,1,1,1
"2016-07-06 16:57:25","RT @ATCS_DIY: 16.54 WIB kondisi lalu lintas di sekitaran bundaran kleringan terpantau ramai lancar https://t.co/JoPp69Hb2E","2016-07-06 16:54:15","16.54 WIB kondisi lalu lintas di sekitaran bundaran kleringan terpantau ramai lancar https://t.co/JoPp69Hb2E","similar",1,1,1,1,1,1,1,1,1
"2016-07-06 17:10:17","ATCS_DIY : 16.54 WIB kondisi lalu lintas di sekitaran bundaran kleringan terpantau ramai l… https://t.co/CxuG7NOm8L) https://t.co/WX0gE2MVHF","2016-07-06 16:54:15","16.54 WIB kondisi lalu lintas di sekitaran bundaran kleringan terpantau ramai lancar https://t.co/JoPp69Hb2E","similar",0.859337848847319,0.857142857142857,0.75,0.902439024390244,0.923076923076923,0.406027398866405,0.280485685645002,0.862404936579521,0.918604651162791
"2016-07-06 17:17:16","RT @ATCS_DIY: 17.17 WIB lalu lintas di ring road utara (Sp.Monjali-kentungan-concat-seturan) terpantau padat dari arah barat https://t.co/s…","2016-07-06 17:16:39","17.17 WIB lalu lintas di ring road utara (Sp.Monjali-kentungan-concat-seturan) terpantau padat dari arah barat https://t.co/skSoOQI4VL","similar",1,1,1,1,0.947368421052632,1,1,1,1
"2016-07-06 17:24:51","RT @ATCS_DIY: 17.23 WIB lalu lintas di simpang kidsfun terpantau padat dari timur https://t.co/mvgKbHG4nW","2016-07-06 17:23:00","17.23 WIB lalu lintas di simpang kidsfun terpantau padat dari timur https://t.co/mvgKbHG4nW","similar",1,1,1,1,1,1,1,1,1
"2016-07-06 17:26:36","17.17 WIB lalin ring road utara (Sp.Monjali-kentungan-concat-seturan) terpantau padat dari arah barat https://t.co/ghYRqcT6lu via @ATCS_DIY","2016-07-06 17:16:39","17.17 WIB lalu lintas di ring road utara (Sp.Monjali-kentungan-concat-seturan) terpantau padat dari arah barat https://t.co/skSoOQI4VL","similar",0.87831006565368,0.878048780487805,0.75,0.878048780487805,0.833333333333333,0.962264045968738,0.962098193992347,0.964240231814948,0.944206008583691
"2016-07-06 17:26:51","ATCS_DIY : 17.17 WIB lalu lintas di ring road utara (Sp.Monjali-kentungan-concat-seturan) … https://t.co/8agdRmTlNb) https://t.co/jsQdY75wT6","2016-07-06 17:16:39","17.17 WIB lalu lintas di ring road utara (Sp.Monjali-kentungan-concat-seturan) terpantau padat dari arah barat https://t.co/skSoOQI4VL","similar",0.822951199797824,0.82051282051282,0.65,0.829268292682927,0.8125,0.920105339903607,0.920105326203548,0.931925063939106,0.809302325581395
"2016-07-06 17:26:53","ATCS_DIY : 17.23 WIB lalu lintas di simpang kidsfun terpantau padat dari timur … https://t.co/6QVLADOyjr) https://t.co/IJQ9gDkOsT","2016-07-06 17:23:00","17.23 WIB lalu lintas di simpang kidsfun terpantau padat dari timur https://t.co/mvgKbHG4nW","similar",0.925820099772552,0.923076923076923,0.857142857142857,0.951219512195122,1,0.917880908353226,0.913193112657733,0.971582412002829,0.937062937062937
"2016-07-06 17:28:57","17.23 WIB lalu lintas di simpang kidsfun terpantau padat dari timur https://t.co/0b6KxXnRar l @ATCS_DIY","2016-07-06 17:23:00","17.23 WIB lalu lintas di simpang kidsfun terpantau padat dari timur https://t.co/mvgKbHG4nW","similar",0.960768922830523,0.96,0.923076923076923,0.975609756097561,1,0.426828986671535,0.308214525754254,0.916359310424432,0.985294117647059
"2016-07-06 17:30:11","Lalu lintas di ring road utara (Sp.Monjali-kentungan-concat-seturan) terpantau padat dari arah barat https://t.co/f4bExnc62I l @ATCS_DIY","2016-07-06 17:16:39","17.17 WIB lalu lintas di ring road utara (Sp.Monjali-kentungan-concat-seturan) terpantau padat dari arah barat https://t.co/skSoOQI4VL","similar",0.846809798439941,0.842105263157895,0.842105263157895,0.902439024390244,0.941176470588235,0.400790478666021,0.335426374955798,0.858147771701998,0.947826086956522
"2016-07-06 17:33:32","RT @Jogja_Sun: Lalu lintas di ring road utara (Sp.Monjali-kentungan-concat-seturan) terpantau padat dari arah barat https://t.co/f4bExnc62I…","2016-07-06 17:30:11","Lalu lintas di ring road utara (Sp.Monjali-kentungan-concat-seturan) terpantau padat dari arah barat https://t.co/f4bExnc62I l @ATCS_DIY","similar",0.970142500145332,0.96969696969697,0.941176470588235,0.975609756097561,1,0.465592623194774,0.356312753274196,0.89544913803054,0.990909090909091
"2016-07-06 17:45:41","jl raya prupuk macet parah . padat merayap, yang ke jogja dan sekitarnya disarankan lewat jalur selatan","2016-07-06 16:37:23","@lewatmana jl raya prupuk macet parah . padat merayap, yang ke jogja dan sekitarnya disarankan lewat jalur selatan","similar",1,1,1,1,1,1,1,1,1
"2016-07-06 18:07:04","RT @ATCS_DIY: 18.05 WIB terjadi peningkatan volume kendaraan dari arah timur di simpang prambanan (masuk ke DIY) https://t.co/DnqWdFqIrE","2016-07-06 18:06:11","18.05 WIB terjadi peningkatan volume kendaraan dari arah timur di simpang prambanan (masuk ke DIY) https://t.co/DnqWdFqIrE","similar",1,1,1,1,1,1,1,1,1
"2016-07-06 18:19:53","ATCS_DIY : 18.05 WIB terjadi peningkatan volume kendaraan dari arah timur di simpang pramb… https://t.co/sGJBJ345RR) https://t.co/EfKDgdwY7k","2016-07-06 18:06:11","18.05 WIB terjadi peningkatan volume kendaraan dari arah timur di simpang prambanan (masuk ke DIY) https://t.co/DnqWdFqIrE","similar",0.839146391678274,0.838709677419355,0.722222222222222,0.878048780487805,0.866666666666667,0.66417565970216,0.662533849294769,0.897621295462078,0.858695652173913
"2016-07-06 18:19:58","RT @ATCS_DIY: 18.18 WIB terjadi penngkatan volume kendaraan di simpang sedayu dari arah barat ke timur (Purworejo ke DIY) https://t.co/nLcL…","2016-07-06 18:19:43","18.18 WIB terjadi penngkatan volume kendaraan di simpang sedayu dari arah barat ke timur (Purworejo ke DIY) https://t.co/nLcLdOpvMk","similar",1,1,1,1,0.888888888888889,1,1,1,1
"2016-07-06 18:33:13","RT @ATCS_DIY: 18.27 lalu lintas di simpang tempel terpantau volume kendaraan cukup padat dari arah utara ke selatan (masuk DIY) https://t.c…","2016-07-06 18:27:21","18.27 lalu lintas di simpang tempel terpantau volume kendaraan cukup padat dari arah utara ke selatan (masuk DIY) https://t.co/aScbSckYCS","similar",1,1,1,1,1,1,1,1,1
"2016-07-06 18:38:13","ATCS_DIY : 18.18 WIB terjadi penngkatan volume kendaraan di simpang sedayu dari arah barat… https://t.co/JODJQkuqef) https://t.co/Rq85mBCBYs","2016-07-06 18:19:43","18.18 WIB terjadi penngkatan volume kendaraan di simpang sedayu dari arah barat ke timur (Purworejo ke DIY) https://t.co/nLcLdOpvMk","similar",0.827340303992031,0.82051282051282,0.764705882352941,0.878048780487805,0.866666666666667,0.725204685544715,0.698619280386153,0.905838659677559,0.818652849740933
"2016-07-06 18:38:16","ATCS_DIY : 18.27 lalu lintas di simpang tempel terpantau volume kendaraan cukup padat dari… https://t.co/L8l87nMV5Z) https://t.co/qr9T9aazyr","2016-07-06 18:27:21","18.27 lalu lintas di simpang tempel terpantau volume kendaraan cukup padat dari arah utara ke selatan (masuk DIY) https://t.co/aScbSckYCS","similar",0.829288428862729,0.823529411764706,0.7,0.853658536585366,0.933333333333333,0.752262980349,0.733917046684852,0.904813823880869,0.793969849246231
"2016-07-06 18:56:29","RT @ATCS_DIY: 18.55 WIB peningkatan volume kendaraan di bundaran kleringan menuju kawasan malioboro, arus lalu lintas padat https://t.co/J7…","2016-07-06 18:55:11","18.55 WIB peningkatan volume kendaraan di bundaran kleringan menuju kawasan malioboro, arus lalu lintas padat https://t.co/J7pP6QUSyK","similar",1,1,1,1,1,1,1,1,1
"2016-07-06 18:56:55","ATCS_DIY : 18.55 WIB peningkatan volume kendaraan di bundaran kleringan menuju kawasan mal… https://t.co/igy4Z5SKGr) https://t.co/SSbpcyE1ef","2016-07-06 18:55:11","18.55 WIB peningkatan volume kendaraan di bundaran kleringan menuju kawasan malioboro, arus lalu lintas padat https://t.co/J7pP6QUSyK","similar",0.734968415259167,0.733333333333333,0.578947368421053,0.804878048780488,0.785714285714286,0.804406403156835,0.800412758199832,0.902573107890054,0.806122448979592
"2016-07-06 18:56:58","ATCS_DIY : 18.56 WIB lalu lintas di jalan malioboro terpantau padat merayap. … https://t.co/0BclNJm7mc) https://t.co/2J6IJhDd1W","2016-07-06 18:56:21","18.56 WIB lalu lintas di jalan malioboro terpantau padat merayap. https://t.co/oh3qQEYtAt","similar",0.9198662110078,0.916666666666667,0.846153846153846,0.951219512195122,1,0.902046676360001,0.8953424161212,0.971582412002829,0.934306569343065
"2016-07-06 18:57:11","18.55 WIB peningkatan volume kendaraan di bundaran kleringan menuju kawasan malioboro, lalin padat https://t.co/nV4y70Pqwf via @ATCS_DIY","2016-07-06 18:55:11","18.55 WIB peningkatan volume kendaraan di bundaran kleringan menuju kawasan malioboro, arus lalu lintas padat https://t.co/J7pP6QUSyK","similar",0.839146391678274,0.838709677419355,0.722222222222222,0.878048780487805,0.866666666666667,0.941081527627259,0.941022358706482,0.958995921567754,0.92822966507177
"2016-07-06 18:57:13","RT @ATCS_DIY: 18.56 WIB lalu lintas di jalan malioboro terpantau padat merayap. https://t.co/oh3qQEYtAt","2016-07-06 18:56:21","18.56 WIB lalu lintas di jalan malioboro terpantau padat merayap. https://t.co/oh3qQEYtAt","similar",1,1,1,1,1,1,1,1,1
"2016-07-06 19:05:12","RT @lalinjogja: 19.02 terjadi antrian cukup panjang di lampu merah simpang empat ring road jln Bantul","2016-07-06 19:03:10","19.02 terjadi antrian cukup panjang di lampu merah simpang empat ring road jln Bantul","similar",1,1,1,1,1,1,1,1,1
"2016-07-06 19:28:23","RT @Pmiklaten: Dilaporkan arus lalin dpn posko Al Aqsho padat merayap, pengalihan jalur dr solo menuju jogja lwt by pass. @kabarklaten @hum…","2016-07-06 19:26:55","Dilaporkan arus lalin dpn posko Al Aqsho padat merayap, pengalihan jalur dr solo menuju jogja lwt by pass. @kabarklaten @humaskabklaten","similar",1,1,1,1,1,1,1,1,1
"2016-07-06 20:06:07","20.03 WIB lalu lintas di sekitar simpang tugu terpantau padat lancar ~ via @ATCS_DIY https://t.co/9H91x8GaKK","2016-07-06 20:04:28","20.03 WIB lalu lintas di sekitar simpang tugu terpantau padat lancar https://t.co/jxAPfHs8Ro","similar",0.960768922830523,0.96,0.923076923076923,0.975609756097561,1,0.94570937291464,0.944237929827589,0.98599618776595,0.971428571428571
"2016-07-06 20:07:41","20.05 WIB kondisi lalu lintas di KM 0 terpantau ramai lancar ~ via @ATCS_DIY https://t.co/qPgywg4zbb","2016-07-06 20:06:32","20.05 WIB kondisi lalu lintas di KM 0 terpantau ramai lancar https://t.co/zMCrtOwCYg","similar",0.960768922830523,0.96,0.923076923076923,0.975609756097561,1,0.977569751905903,0.97731825860789,0.98599618776595,0.967741935483871
"2016-07-06 20:08:33","20.00 WIB lalu lintas di jalan Malioboro terpantau macet ~ via @ATCS_DIY https://t.co/1nIPSncKWv","2016-07-06 20:00:28","20.00 WIB lalu lintas di jalan malioboro terpantau macet https://t.co/NT85AA6HLk","similar",0.953462589245592,0.952380952380952,0.909090909090909,0.975609756097561,1,0.932377903721164,0.930097122692143,0.98599618776595,0.96551724137931
"2016-07-06 20:09:29","20.00 WIB lalu lintas di jalan Malioboro terpantau pata merayap  ~ via @ATCS_DIY https://t.co/bt6xxuMdJf","2016-07-06 20:00:28","20.00 WIB lalu lintas di jalan malioboro terpantau macet https://t.co/NT85AA6HLk","similar",0.821583836257749,0.818181818181818,0.692307692307692,0.902439024390244,0.9,0.603982630544935,0.588400082521595,0.930287381502135,0.861788617886179
"2016-07-06 20:11:17","ATCS_DIY : 20.00 WIB lalu lintas di jalan malioboro terpantau macet … https://t.co/ZyHOS0D3VW) https://t.co/I4pmjeXsdg","2016-07-06 20:00:28","20.00 WIB lalu lintas di jalan malioboro terpantau macet https://t.co/NT85AA6HLk","similar",0.912870929175277,0.909090909090909,0.833333333333333,0.951219512195122,1,0.904651720337308,0.898304649587613,0.971582412002829,0.925619834710744
"2016-07-06 20:11:21","ATCS_DIY : 20.03 WIB lalu lintas di sekitar simpang tugu terpantau padat lancar … https://t.co/DGgz3cnMfH) https://t.co/L9FTqcU7uk","2016-07-06 20:04:28","20.03 WIB lalu lintas di sekitar simpang tugu terpantau padat lancar https://t.co/jxAPfHs8Ro","similar",0.925820099772552,0.923076923076923,0.857142857142857,0.951219512195122,1,0.922214819929554,0.918014742934735,0.971582412002829,0.937931034482759
"2016-07-06 20:11:26","ATCS_DIY : 20.05 WIB kondisi lalu lintas di KM 0 terpantau ramai lancar … https://t.co/FTqKSpzbPk) https://t.co/6DKbRUAOXE","2016-07-06 20:06:32","20.05 WIB kondisi lalu lintas di KM 0 terpantau ramai lancar https://t.co/zMCrtOwCYg","similar",0.925820099772552,0.923076923076923,0.857142857142857,0.951219512195122,1,0.96697397051742,0.965990882602374,0.971582412002829,0.930232558139535
"2016-07-06 20:13:08","RT @rasarab: Dari piyungan terpantau arah dari dari jogja ke wonosari rame lancar, sedang arah ke Jogja lancar","2016-07-06 15:11:02","Dari piyungan terpantau arah dari dari jogja ke wonosari rame lancar, sedang arah ke Jogja lancar","similar",1,1,1,1,0.625,1,1,1,1
"2016-07-06 20:14:20","RT @ATCS_DIY: 20.10 wib, kondisi lalin sp kids fun dari arah timur terpantau antrian kend cukup panjang https://t.co/DraMPyKwdT","2016-07-06 20:11:16","20.10 wib, kondisi lalin sp kids fun dari arah timur terpantau antrian kend cukup panjang https://t.co/DraMPyKwdT","similar",1,1,1,1,1,1,1,1,1
"2016-07-06 20:15:46","20.05 WIB kondisi lalu lintas di KM 0 terpantau ramai lancar https://t.co/XVr7auoiPx l @ATCS_DIY","2016-07-06 20:06:32","20.05 WIB kondisi lalu lintas di KM 0 terpantau ramai lancar https://t.co/zMCrtOwCYg","similar",0.960768922830523,0.96,0.923076923076923,0.975609756097561,1,0.52798441563136,0.435994086091656,0.89544913803054,0.983606557377049
"2016-07-06 20:18:21","RT @ATCS_DIY: 20.05 WIB kondisi lalu lintas di KM 0 terpantau ramai lancar https://t.co/zMCrtOwCYg","2016-07-06 20:06:32","20.05 WIB kondisi lalu lintas di KM 0 terpantau ramai lancar https://t.co/zMCrtOwCYg","similar",1,1,1,1,1,1,1,1,1
"2016-07-06 20:21:16","RT @ATCS_DIY: 20.00 WIB lalu lintas di jalan malioboro terpantau macet https://t.co/NT85AA6HLk","2016-07-06 20:00:28","20.00 WIB lalu lintas di jalan malioboro terpantau macet https://t.co/NT85AA6HLk","similar",1,1,1,1,1,1,1,1,1
"2016-07-06 20:21:45","RT @ATCS_DIY: 20.03 WIB lalu lintas di sekitar simpang tugu terpantau padat lancar https://t.co/jxAPfHs8Ro","2016-07-06 20:04:28","20.03 WIB lalu lintas di sekitar simpang tugu terpantau padat lancar https://t.co/jxAPfHs8Ro","similar",1,1,1,1,1,1,1,1,1
"2016-07-06 20:29:08","ATCS_DIY : 20.10 wib, kondisi lalin sp kids fun dari arah timur terpantau antrian kend cuk… https://t.co/QLwAMX3uQl) https://t.co/bRAbnisIGY","2016-07-06 20:11:16","20.10 wib, kondisi lalin sp kids fun dari arah timur terpantau antrian kend cukup panjang https://t.co/DraMPyKwdT","similar",0.848874687627165,0.848484848484848,0.736842105263158,0.878048780487805,0.875,0.732658661288323,0.731678971059594,0.911074933917053,0.902564102564103
"2016-07-06 21:03:33","RT @infojogjakarta: REALTIME NEWS: Lalu Lintas Aresa Tugu Jogja Ramai Lancar https://t.co/qqpaZhRjtr  .","2016-07-06 20:54:06","REALTIME NEWS: Lalu Lintas Aresa Tugu Jogja Ramai Lancar https://t.co/qqpaZhRjtr  .","similar",1,1,1,1,1,1,1,1,1
"2016-07-06 21:22:08","RT @Jogja_Sun: 20.05 WIB kondisi lalu lintas di KM 0 terpantau ramai lancar https://t.co/XVr7auoiPx l @ATCS_DIY","2016-07-06 20:06:32","20.05 WIB kondisi lalu lintas di KM 0 terpantau ramai lancar https://t.co/zMCrtOwCYg","similar",0.960768922830523,0.96,0.923076923076923,0.975609756097561,1,0.52798441563136,0.435994086091656,0.89544913803054,0.983606557377049
"2016-07-06 21:35:03","#jogja #update REALTIME NEWS: Lalu Lintas Aresa Tugu Jogja Ramai Lancar: Namun memang, kendaraan lebih ... https://t.co/eV4tzu9DcK #news","2016-07-06 20:54:06","REALTIME NEWS: Lalu Lintas Aresa Tugu Jogja Ramai Lancar https://t.co/qqpaZhRjtr  .","similar",0.832050294337844,0.818181818181818,0.692307692307692,0.902439024390244,1,0.594783603031278,0.522641480810144,0.903208932657498,0.79136690647482
